"Date","City","Temperature","Humidity","WindSpeed","Rainfall","Pressure","WeatherType","Visibility","DewPoint","UVIndex","CloudCover"
2023-01-01,"Kolkata",19,74,6,20,1023,"Cloudy",8,12,3,81
2023-01-02,"Hyderabad",25,70,17,13,998,"Cloudy",8,22,9,49
2023-01-03,"Chennai",18,83,5,3,1011,"Cloudy",5,22,6,28
2023-01-04,"Hyderabad",27,89,3,22,1002,"Sunny",7,17,0,38
2023-01-05,"Hyderabad",25,76,19,9,1014,"Sunny",4,22,2,90
2023-01-06,"Delhi",17,43,18,19,1007,"Rainy",1,19,2,99
2023-01-07,"Chennai",15,85,15,14,1001,"Sunny",2,8,0,44
2023-01-08,"Chennai",20,68,14,17,1029,"Rainy",4,21,5,16
2023-01-09,"Chennai",32,54,13,19,1006,"Cloudy",1,9,10,55
2023-01-10,"Hyderabad",38,49,7,12,1004,"Rainy",8,20,8,97
2023-01-11,"Kolkata",24,31,5,7,1004,"Rainy",9,13,7,45
2023-01-12,"Chennai",19,68,17,8,1004,"Cloudy",4,14,10,66
2023-01-13,"Bengaluru",37,35,14,15,1028,"Rainy",3,22,6,68
2023-01-14,"Hyderabad",24,46,5,18,1002,"Sunny",2,21,9,13
2023-01-15,"Delhi",26,88,18,15,1006,"Sunny",5,22,7,66
2023-01-16,"Kolkata",16,54,2,6,1021,"Sunny",3,11,5,22
2023-01-17,"Bengaluru",27,86,19,13,998,"Sunny",7,8,8,93
2023-01-18,"Bengaluru",22,57,18,13,1029,"Rainy",6,9,2,60
2023-01-19,"Delhi",16,31,16,24,1009,"Rainy",1,20,9,22
2023-01-20,"Kolkata",34,64,12,3,1015,"Cloudy",8,7,9,26
2023-01-21,"Hyderabad",15,66,14,14,1016,"Rainy",2,22,8,53
2023-01-22,"Mumbai",19,34,2,2,1010,"Rainy",5,18,3,9
2023-01-23,"Kolkata",23,30,18,4,1007,"Rainy",9,19,6,88
2023-01-24,"Delhi",31,69,7,0,1002,"Cloudy",8,21,8,76
2023-01-25,"Bengaluru",23,41,5,2,1005,"Sunny",2,5,1,15
2023-01-26,"Hyderabad",25,85,17,14,998,"Rainy",9,21,1,40
2023-01-27,"Kolkata",29,65,16,23,1001,"Cloudy",5,15,8,97
2023-01-28,"Mumbai",38,74,16,7,1027,"Cloudy",6,21,2,54
2023-01-29,"Mumbai",20,52,7,3,1008,"Cloudy",3,18,8,60
2023-01-30,"Chennai",37,76,16,1,996,"Sunny",3,24,4,85
2023-01-31,"Chennai",17,60,15,23,1024,"Rainy",8,23,5,80
2023-02-01,"Delhi",31,40,12,23,1007,"Cloudy",2,11,1,86
2023-02-02,"Kolkata",19,39,8,9,1005,"Sunny",2,17,7,99
2023-02-03,"Kolkata",26,32,10,3,1028,"Cloudy",5,22,10,48
2023-02-04,"Bengaluru",32,83,17,2,993,"Cloudy",6,18,8,72
2023-02-05,"Bengaluru",28,43,6,1,1014,"Cloudy",2,5,1,51
2023-02-06,"Bengaluru",35,45,11,24,1021,"Cloudy",5,11,5,1
2023-02-07,"Chennai",38,39,19,16,1029,"Cloudy",7,12,5,95
2023-02-08,"Kolkata",25,58,4,22,1002,"Sunny",8,22,7,49
2023-02-09,"Kolkata",23,39,14,20,1006,"Rainy",7,13,9,85
2023-02-10,"Mumbai",16,41,12,23,1026,"Rainy",8,5,4,42
2023-02-11,"Chennai",26,59,18,19,995,"Rainy",9,21,8,76
2023-02-12,"Hyderabad",17,70,14,22,1008,"Rainy",5,23,0,7
2023-02-13,"Chennai",17,30,7,12,1002,"Sunny",5,10,8,58
2023-02-14,"Hyderabad",15,34,18,4,1015,"Sunny",4,7,9,64
2023-02-15,"Mumbai",22,49,14,20,1003,"Sunny",9,9,6,80
2023-02-16,"Delhi",36,37,11,8,1020,"Cloudy",5,6,3,11
2023-02-17,"Kolkata",22,72,4,24,993,"Cloudy",2,24,2,3
2023-02-18,"Mumbai",25,41,15,24,1028,"Cloudy",8,8,9,76
2023-02-19,"Kolkata",23,30,6,21,997,"Rainy",7,14,10,94
2023-02-20,"Bengaluru",19,86,6,5,1014,"Cloudy",8,14,5,40
2023-02-21,"Delhi",28,83,18,4,1002,"Rainy",3,15,0,6
2023-02-22,"Delhi",17,49,11,24,1021,"Cloudy",4,20,2,86
2023-02-23,"Mumbai",35,57,6,9,1027,"Rainy",5,21,1,87
2023-02-24,"Delhi",19,86,5,7,1027,"Cloudy",6,20,10,68
2023-02-25,"Hyderabad",19,72,7,6,1017,"Cloudy",1,11,8,68
2023-02-26,"Delhi",33,66,5,6,1019,"Sunny",4,20,2,80
2023-02-27,"Kolkata",28,76,8,5,992,"Cloudy",5,7,1,29
2023-02-28,"Kolkata",18,66,8,20,1017,"Cloudy",7,20,3,72
2023-03-01,"Kolkata",39,41,19,19,992,"Sunny",5,12,1,5
2023-03-02,"Kolkata",27,66,4,2,1023,"Rainy",1,16,0,88
2023-03-03,"Hyderabad",24,78,2,18,1005,"Sunny",7,7,5,18
2023-03-04,"Chennai",39,78,5,21,1011,"Sunny",8,21,9,79
2023-03-05,"Bengaluru",32,85,7,14,1021,"Rainy",7,22,7,84
2023-03-06,"Mumbai",22,73,10,3,1027,"Cloudy",4,15,9,65
2023-03-07,"Kolkata",22,85,15,11,997,"Rainy",8,8,9,9
2023-03-08,"Delhi",21,57,13,5,997,"Cloudy",5,20,1,15
2023-03-09,"Kolkata",22,76,5,18,995,"Cloudy",9,21,8,36
2023-03-10,"Delhi",28,44,13,3,1003,"Rainy",5,13,2,78
2023-03-11,"Bengaluru",33,35,11,14,1021,"Sunny",1,10,7,76
2023-03-12,"Bengaluru",20,73,8,8,1024,"Rainy",9,24,7,76
2023-03-13,"Bengaluru",15,88,4,4,999,"Cloudy",5,6,2,31
2023-03-14,"Delhi",37,49,15,12,992,"Rainy",6,13,2,46
2023-03-15,"Kolkata",29,79,11,22,1001,"Rainy",4,10,5,71
2023-03-16,"Bengaluru",15,43,17,17,1020,"Cloudy",6,7,0,42
2023-03-17,"Hyderabad",39,31,17,4,1018,"Sunny",8,24,3,81
2023-03-18,"Delhi",31,38,11,24,994,"Rainy",3,10,0,35
2023-03-19,"Delhi",15,66,14,15,1014,"Cloudy",5,11,2,25
2023-03-20,"Kolkata",29,49,7,18,1020,"Cloudy",2,5,8,9
2023-03-21,"Delhi",37,55,13,13,1010,"Rainy",2,5,4,30
2023-03-22,"Delhi",16,58,10,24,1009,"Sunny",7,9,4,96
2023-03-23,"Bengaluru",28,30,14,15,1028,"Rainy",6,10,10,28
2023-03-24,"Kolkata",35,84,5,14,1011,"Sunny",4,17,3,4
2023-03-25,"Bengaluru",22,64,12,21,993,"Sunny",5,6,2,76
2023-03-26,"Bengaluru",22,35,19,3,1002,"Sunny",1,19,4,0
2023-03-27,"Kolkata",33,66,12,6,1009,"Sunny",7,19,10,86
2023-03-28,"Mumbai",21,82,5,15,1002,"Rainy",8,17,3,2
2023-03-29,"Bengaluru",33,88,19,23,1006,"Cloudy",9,18,7,66
2023-03-30,"Hyderabad",20,34,2,21,1025,"Cloudy",8,11,3,70
2023-03-31,"Hyderabad",20,62,8,20,1022,"Cloudy",5,18,10,99
2023-04-01,"Delhi",17,78,7,21,990,"Cloudy",3,14,7,34
2023-04-02,"Hyderabad",21,80,16,20,1004,"Cloudy",9,21,5,14
2023-04-03,"Delhi",33,43,19,7,1002,"Cloudy",6,18,10,66
2023-04-04,"Mumbai",22,41,12,16,1006,"Rainy",5,12,4,92
2023-04-05,"Kolkata",24,71,16,15,1013,"Sunny",3,8,3,29
2023-04-06,"Kolkata",34,49,17,22,997,"Cloudy",6,20,3,81
2023-04-07,"Kolkata",29,82,8,9,1016,"Rainy",3,17,3,74
2023-04-08,"Hyderabad",29,79,11,9,1012,"Cloudy",6,24,10,42
2023-04-09,"Mumbai",15,53,13,1,997,"Cloudy",4,22,8,59
2023-04-10,"Hyderabad",34,88,15,8,997,"Sunny",2,18,3,39
2023-04-11,"Hyderabad",21,72,6,16,1015,"Sunny",8,22,8,64
2023-04-12,"Mumbai",18,63,19,10,1002,"Sunny",4,9,9,28
2023-04-13,"Mumbai",20,54,6,9,1028,"Cloudy",9,13,5,73
2023-04-14,"Mumbai",39,79,4,21,1026,"Cloudy",7,7,9,91
2023-04-15,"Mumbai",15,58,6,24,1017,"Cloudy",2,12,6,94
2023-04-16,"Kolkata",19,86,18,16,1014,"Sunny",4,24,9,18
2023-04-17,"Chennai",37,68,13,3,1005,"Rainy",5,14,2,2
2023-04-18,"Chennai",15,60,10,15,991,"Cloudy",3,23,7,35
2023-04-19,"Mumbai",18,85,2,19,1007,"Cloudy",9,7,2,42
2023-04-20,"Chennai",36,76,19,14,1006,"Cloudy",5,15,0,14
2023-04-21,"Chennai",16,72,5,24,1019,"Rainy",2,15,9,96
2023-04-22,"Mumbai",24,79,11,20,1028,"Cloudy",3,21,4,40
2023-04-23,"Chennai",19,52,8,4,1002,"Rainy",9,20,1,89
2023-04-24,"Hyderabad",24,73,2,5,1021,"Cloudy",7,11,9,79
2023-04-25,"Delhi",15,67,18,16,1018,"Rainy",2,8,5,35
2023-04-26,"Delhi",36,49,3,0,1019,"Cloudy",9,23,9,96
2023-04-27,"Mumbai",20,52,12,24,1007,"Sunny",4,16,8,83
2023-04-28,"Kolkata",27,74,10,18,1002,"Sunny",9,19,0,76
2023-04-29,"Mumbai",29,81,8,3,1010,"Sunny",2,15,3,32
2023-04-30,"Kolkata",18,45,18,16,1019,"Sunny",4,9,0,4
2023-05-01,"Delhi",27,79,18,8,1010,"Cloudy",5,9,0,77
2023-05-02,"Mumbai",38,71,3,23,1006,"Sunny",2,19,7,90
2023-05-03,"Bengaluru",34,89,7,1,1029,"Rainy",1,22,10,86
2023-05-04,"Hyderabad",38,84,15,7,1008,"Sunny",7,15,1,13
2023-05-05,"Chennai",29,37,7,14,1004,"Sunny",1,16,0,67
2023-05-06,"Kolkata",22,79,3,6,998,"Sunny",8,6,10,82
2023-05-07,"Bengaluru",19,50,2,5,999,"Cloudy",3,24,7,46
2023-05-08,"Chennai",29,30,11,0,1020,"Sunny",6,19,3,53
2023-05-09,"Chennai",18,84,6,14,1012,"Rainy",7,24,2,3
2023-05-10,"Mumbai",26,37,3,22,1019,"Sunny",1,8,3,93
2023-05-11,"Chennai",27,58,17,6,1022,"Sunny",6,22,10,82
2023-05-12,"Hyderabad",16,61,3,24,998,"Sunny",7,10,4,94
2023-05-13,"Bengaluru",33,67,11,16,990,"Rainy",6,23,0,94
2023-05-14,"Chennai",33,34,3,1,1024,"Sunny",4,15,10,8
2023-05-15,"Mumbai",18,76,17,8,1000,"Rainy",1,6,0,52
2023-05-16,"Hyderabad",18,51,17,8,1023,"Rainy",9,12,2,76
2023-05-17,"Delhi",25,76,8,12,1005,"Sunny",4,15,5,77
2023-05-18,"Bengaluru",19,63,13,5,998,"Rainy",7,9,0,59
2023-05-19,"Chennai",34,30,16,5,1021,"Cloudy",7,22,10,45
2023-05-20,"Mumbai",25,84,9,19,1004,"Sunny",2,22,1,53
2023-05-21,"Delhi",24,84,7,19,1001,"Sunny",1,18,6,73
2023-05-22,"Delhi",22,55,11,20,1022,"Rainy",8,14,0,94
2023-05-23,"Kolkata",20,72,4,2,1003,"Rainy",8,7,6,36
2023-05-24,"Hyderabad",20,39,18,16,997,"Sunny",7,13,3,22
2023-05-25,"Chennai",22,59,8,16,997,"Cloudy",8,7,9,26
2023-05-26,"Mumbai",37,79,5,11,1016,"Rainy",3,15,5,69
2023-05-27,"Kolkata",29,47,15,15,1001,"Rainy",2,16,7,89
2023-05-28,"Hyderabad",28,46,16,14,990,"Cloudy",7,16,8,65
2023-05-29,"Kolkata",25,55,9,12,1029,"Cloudy",8,7,5,60
2023-05-30,"Bengaluru",26,37,16,22,1000,"Sunny",1,11,10,76
2023-05-31,"Hyderabad",27,76,15,0,1028,"Cloudy",9,18,8,50
2023-06-01,"Hyderabad",22,69,10,16,1020,"Sunny",4,15,3,49
2023-06-02,"Chennai",32,78,9,2,1006,"Cloudy",4,11,5,18
2023-06-03,"Hyderabad",39,41,18,14,1022,"Rainy",3,14,7,0
2023-06-04,"Kolkata",15,56,3,3,1021,"Sunny",6,15,8,39
2023-06-05,"Hyderabad",29,37,4,3,1018,"Sunny",1,19,2,31
2023-06-06,"Chennai",22,54,9,17,1010,"Sunny",6,23,1,21
2023-06-07,"Chennai",25,75,13,16,1010,"Cloudy",2,20,5,92
2023-06-08,"Bengaluru",26,33,2,18,1029,"Rainy",9,24,3,65
2023-06-09,"Kolkata",26,62,11,10,1012,"Sunny",2,16,0,39
2023-06-10,"Delhi",18,30,4,19,995,"Sunny",7,22,7,37
2023-06-11,"Delhi",30,48,7,2,1011,"Sunny",1,17,8,47
2023-06-12,"Hyderabad",18,60,8,7,1027,"Sunny",7,9,8,54
2023-06-13,"Bengaluru",19,45,19,13,1026,"Rainy",5,8,1,74
2023-06-14,"Mumbai",38,43,12,0,997,"Cloudy",8,18,8,80
2023-06-15,"Hyderabad",19,82,6,13,1024,"Rainy",4,12,6,54
2023-06-16,"Bengaluru",22,77,12,1,1000,"Sunny",7,13,4,50
2023-06-17,"Kolkata",24,34,13,22,1013,"Rainy",6,23,6,59
2023-06-18,"Kolkata",31,70,11,3,1010,"Sunny",5,7,8,7
2023-06-19,"Kolkata",23,55,9,23,991,"Cloudy",4,9,7,85
2023-06-20,"Kolkata",36,57,10,18,1029,"Cloudy",7,22,5,67
2023-06-21,"Kolkata",33,31,5,5,1008,"Cloudy",5,5,3,74
2023-06-22,"Bengaluru",28,79,6,24,1028,"Sunny",5,12,0,71
2023-06-23,"Bengaluru",22,35,9,0,1017,"Rainy",1,23,5,8
2023-06-24,"Chennai",23,38,10,16,1006,"Cloudy",2,21,2,89
2023-06-25,"Delhi",36,62,16,7,995,"Sunny",5,21,5,1
2023-06-26,"Kolkata",25,70,16,18,1008,"Sunny",3,15,5,79
2023-06-27,"Mumbai",37,54,17,20,1027,"Rainy",2,6,3,94
2023-06-28,"Bengaluru",15,77,15,0,1017,"Cloudy",4,10,1,69
2023-06-29,"Mumbai",28,42,9,4,991,"Sunny",4,18,8,84
2023-06-30,"Mumbai",19,38,19,15,1027,"Rainy",4,7,1,89
2023-07-01,"Mumbai",35,82,11,5,1026,"Cloudy",4,16,2,58
2023-07-02,"Chennai",28,42,7,7,993,"Rainy",3,8,9,18
2023-07-03,"Bengaluru",18,60,13,12,1011,"Rainy",7,16,0,27
2023-07-04,"Mumbai",36,70,3,15,1015,"Sunny",9,17,6,71
2023-07-05,"Kolkata",37,40,8,2,1025,"Sunny",5,6,0,13
2023-07-06,"Hyderabad",39,33,17,18,1002,"Sunny",4,6,10,23
2023-07-07,"Mumbai",15,63,4,11,1021,"Rainy",2,19,8,43
2023-07-08,"Chennai",36,67,14,15,1006,"Sunny",2,21,10,55
2023-07-09,"Bengaluru",37,75,4,10,1025,"Rainy",5,11,10,89
2023-07-10,"Chennai",33,33,19,9,1008,"Rainy",7,18,0,94
2023-07-11,"Mumbai",22,67,12,24,1024,"Sunny",9,16,4,50
2023-07-12,"Bengaluru",29,48,9,19,1029,"Cloudy",7,21,6,31
2023-07-13,"Hyderabad",35,35,7,3,1017,"Cloudy",5,18,2,49
2023-07-14,"Mumbai",29,63,2,11,990,"Cloudy",6,10,8,40
2023-07-15,"Chennai",23,47,2,22,1007,"Rainy",3,23,7,65
2023-07-16,"Delhi",35,42,9,1,1029,"Rainy",5,10,2,24
2023-07-17,"Kolkata",23,70,6,23,1022,"Rainy",8,22,4,60
2023-07-18,"Chennai",24,52,17,21,1001,"Sunny",1,9,6,65
2023-07-19,"Bengaluru",34,48,12,18,997,"Rainy",1,10,3,41
2023-07-20,"Mumbai",39,74,6,24,1013,"Sunny",7,6,4,64
2023-07-21,"Kolkata",35,40,5,4,1005,"Sunny",5,12,2,35
2023-07-22,"Mumbai",23,30,7,7,993,"Cloudy",5,19,8,75
2023-07-23,"Bengaluru",17,53,15,6,1027,"Cloudy",1,19,9,8
2023-07-24,"Mumbai",34,83,10,13,1016,"Cloudy",9,15,8,35
2023-07-25,"Delhi",39,36,13,23,998,"Sunny",1,5,6,91
2023-07-26,"Kolkata",25,54,12,22,1005,"Sunny",5,22,9,37
2023-07-27,"Kolkata",20,50,15,2,1001,"Sunny",9,16,1,32
2023-07-28,"Bengaluru",16,44,17,17,1020,"Rainy",4,16,6,41
2023-07-29,"Delhi",21,30,2,15,1013,"Sunny",8,15,6,60
2023-07-30,"Chennai",32,41,14,22,1003,"Cloudy",6,12,10,45
2023-07-31,"Mumbai",16,87,14,18,1014,"Cloudy",3,11,4,85
2023-08-01,"Hyderabad",31,36,3,18,1023,"Sunny",4,6,8,88
2023-08-02,"Mumbai",25,44,5,17,992,"Sunny",2,15,10,60
2023-08-03,"Mumbai",26,50,7,19,1013,"Cloudy",1,14,2,17
2023-08-04,"Chennai",33,48,6,15,998,"Sunny",8,7,3,69
2023-08-05,"Mumbai",36,89,4,7,1015,"Cloudy",1,24,0,81
2023-08-06,"Delhi",38,58,2,0,1009,"Rainy",1,14,5,79
2023-08-07,"Delhi",39,54,5,16,1029,"Cloudy",4,22,3,14
2023-08-08,"Kolkata",21,62,3,11,999,"Rainy",6,18,0,47
2023-08-09,"Bengaluru",34,78,6,20,1008,"Sunny",9,22,1,71
2023-08-10,"Hyderabad",20,61,4,10,992,"Sunny",1,12,2,12
2023-08-11,"Mumbai",35,78,10,4,1013,"Rainy",7,14,8,42
2023-08-12,"Mumbai",38,64,7,11,994,"Sunny",5,17,7,59
2023-08-13,"Chennai",15,73,19,16,992,"Rainy",8,12,6,56
2023-08-14,"Bengaluru",31,67,7,5,1016,"Sunny",7,8,10,70
2023-08-15,"Delhi",25,55,13,0,1005,"Cloudy",4,8,3,16
2023-08-16,"Hyderabad",36,40,12,4,1004,"Sunny",4,9,0,49
2023-08-17,"Kolkata",32,64,3,24,1024,"Cloudy",6,5,7,31
2023-08-18,"Delhi",35,37,16,13,1001,"Cloudy",6,21,3,21
2023-08-19,"Bengaluru",31,75,13,4,1015,"Rainy",9,6,2,54
2023-08-20,"Kolkata",21,43,13,21,1023,"Sunny",5,12,8,56
2023-08-21,"Chennai",31,39,10,23,1012,"Rainy",8,11,9,12
2023-08-22,"Chennai",34,31,3,0,1020,"Sunny",5,19,3,46
2023-08-23,"Mumbai",23,75,4,17,1009,"Cloudy",2,9,3,86
2023-08-24,"Bengaluru",31,38,13,15,1001,"Cloudy",6,6,8,61
2023-08-25,"Hyderabad",34,32,17,8,1012,"Sunny",9,11,10,53
2023-08-26,"Kolkata",36,50,2,18,993,"Sunny",3,12,1,28
2023-08-27,"Delhi",36,55,4,21,1012,"Rainy",1,11,4,21
2023-08-28,"Bengaluru",22,37,3,4,990,"Sunny",1,11,3,64
2023-08-29,"Bengaluru",31,77,10,1,1014,"Sunny",3,18,8,28
2023-08-30,"Chennai",21,31,16,14,991,"Sunny",5,22,4,47
2023-08-31,"Mumbai",15,35,19,6,1019,"Rainy",3,10,8,4
2023-09-01,"Mumbai",27,57,12,3,992,"Sunny",9,8,10,34
2023-09-02,"Kolkata",37,82,17,0,1010,"Cloudy",8,14,8,73
2023-09-03,"Chennai",33,58,18,12,1014,"Rainy",3,22,1,82
2023-09-04,"Bengaluru",38,55,6,19,1009,"Rainy",9,16,8,70
2023-09-05,"Hyderabad",33,54,13,21,1011,"Cloudy",6,20,2,45
2023-09-06,"Chennai",31,41,12,6,1010,"Cloudy",7,11,3,34
2023-09-07,"Kolkata",27,34,16,14,1022,"Cloudy",4,10,0,44
2023-09-08,"Kolkata",30,63,4,22,1027,"Sunny",4,9,0,12
2023-09-09,"Chennai",22,77,2,13,1004,"Cloudy",2,7,0,9
2023-09-10,"Kolkata",33,66,17,22,1004,"Sunny",5,16,8,65
2023-09-11,"Chennai",32,44,3,18,1014,"Rainy",8,19,10,69
2023-09-12,"Delhi",15,73,3,21,1010,"Rainy",7,14,7,71
2023-09-13,"Chennai",28,65,4,23,1013,"Cloudy",7,24,4,99
2023-09-14,"Chennai",33,44,9,19,994,"Sunny",6,23,4,24
2023-09-15,"Kolkata",29,72,16,23,995,"Cloudy",3,20,8,43
2023-09-16,"Kolkata",32,77,8,17,1012,"Cloudy",5,15,2,59
2023-09-17,"Mumbai",16,52,7,9,993,"Sunny",1,12,2,46
2023-09-18,"Mumbai",36,35,10,8,1016,"Cloudy",7,7,6,39
2023-09-19,"Delhi",31,75,2,24,1007,"Rainy",9,11,8,6
2023-09-20,"Mumbai",32,79,9,7,1010,"Cloudy",1,11,5,45
2023-09-21,"Chennai",20,73,4,9,1017,"Sunny",2,18,1,22
2023-09-22,"Kolkata",33,88,5,16,1024,"Sunny",3,6,0,82
2023-09-23,"Mumbai",18,72,16,1,1011,"Rainy",3,14,1,45
2023-09-24,"Mumbai",15,74,7,5,1029,"Sunny",8,23,0,85
2023-09-25,"Delhi",22,50,16,4,1012,"Sunny",7,13,9,12
2023-09-26,"Bengaluru",37,52,4,8,992,"Rainy",6,20,9,20
2023-09-27,"Delhi",21,72,15,4,1029,"Cloudy",4,23,8,0
2023-09-28,"Chennai",17,84,15,17,999,"Rainy",9,22,9,18
2023-09-29,"Kolkata",24,45,5,19,1014,"Cloudy",1,13,7,59
2023-09-30,"Delhi",24,76,13,8,997,"Rainy",2,20,6,32
2023-10-01,"Mumbai",33,82,18,16,1000,"Cloudy",4,17,2,3
2023-10-02,"Kolkata",28,89,8,16,994,"Rainy",3,14,7,2
2023-10-03,"Kolkata",16,44,10,11,1026,"Cloudy",1,24,1,90
2023-10-04,"Mumbai",15,54,4,6,1027,"Rainy",5,18,1,51
2023-10-05,"Delhi",37,65,14,2,1018,"Cloudy",7,16,10,98
2023-10-06,"Mumbai",37,40,16,9,994,"Rainy",2,23,9,27
2023-10-07,"Bengaluru",32,80,19,1,998,"Sunny",5,11,2,69
2023-10-08,"Kolkata",21,44,2,24,991,"Cloudy",6,19,6,69
2023-10-09,"Hyderabad",22,33,7,2,990,"Rainy",7,20,0,54
2023-10-10,"Hyderabad",15,50,3,15,1029,"Cloudy",1,12,7,56
2023-10-11,"Chennai",39,42,15,1,1019,"Cloudy",7,14,6,86
2023-10-12,"Mumbai",37,51,7,23,1000,"Rainy",4,8,3,96
2023-10-13,"Mumbai",17,48,15,9,1017,"Cloudy",8,23,4,15
2023-10-14,"Chennai",38,63,5,5,1001,"Rainy",4,23,9,23
2023-10-15,"Chennai",37,43,9,21,1028,"Sunny",6,19,0,68
2023-10-16,"Chennai",22,33,4,10,1015,"Cloudy",9,18,3,40
2023-10-17,"Kolkata",36,77,15,22,1002,"Sunny",5,5,0,76
2023-10-18,"Bengaluru",39,82,18,6,997,"Cloudy",4,20,0,46
2023-10-19,"Mumbai",29,81,9,14,1017,"Cloudy",8,14,9,75
2023-10-20,"Kolkata",19,75,15,5,1019,"Cloudy",9,23,0,68
2023-10-21,"Chennai",17,56,7,19,998,"Rainy",4,7,6,30
2023-10-22,"Mumbai",33,58,17,8,1028,"Sunny",3,9,6,91
2023-10-23,"Kolkata",15,76,15,21,1020,"Cloudy",8,13,3,91
2023-10-24,"Bengaluru",29,57,4,19,1010,"Rainy",5,22,1,29
2023-10-25,"Kolkata",22,64,11,11,1023,"Cloudy",2,15,2,17
2023-10-26,"Bengaluru",16,37,10,18,1020,"Rainy",9,20,7,43
2023-10-27,"Chennai",17,45,14,19,1014,"Cloudy",3,6,7,26
2023-10-28,"Bengaluru",38,71,8,2,1001,"Sunny",2,16,10,98
2023-10-29,"Mumbai",28,65,15,14,990,"Sunny",1,10,10,25
2023-10-30,"Chennai",38,59,10,1,1011,"Cloudy",8,15,5,59
2023-10-31,"Mumbai",28,47,16,20,1029,"Rainy",3,12,9,17
2023-11-01,"Hyderabad",25,31,15,1,1026,"Cloudy",7,16,8,96
2023-11-02,"Delhi",30,78,7,21,990,"Rainy",1,6,10,88
2023-11-03,"Bengaluru",18,42,5,2,990,"Cloudy",1,13,8,55
2023-11-04,"Delhi",34,33,9,5,1010,"Rainy",9,19,3,30
2023-11-05,"Delhi",19,55,18,14,1004,"Sunny",8,6,0,58
2023-11-06,"Bengaluru",36,54,10,9,1006,"Cloudy",3,5,0,1
2023-11-07,"Chennai",35,59,2,8,1011,"Sunny",6,14,9,96
2023-11-08,"Hyderabad",28,40,15,0,1027,"Sunny",3,6,4,38
2023-11-09,"Mumbai",37,36,12,15,1024,"Cloudy",4,16,1,60
2023-11-10,"Kolkata",30,60,4,5,1005,"Cloudy",1,12,5,62
2023-11-11,"Mumbai",32,73,10,8,997,"Rainy",5,9,6,95
2023-11-12,"Kolkata",21,39,15,3,1006,"Rainy",1,5,0,17
2023-11-13,"Mumbai",24,68,10,1,1006,"Sunny",1,19,5,16
2023-11-14,"Bengaluru",21,42,5,3,1015,"Rainy",7,10,7,97
2023-11-15,"Hyderabad",15,60,5,0,1002,"Rainy",6,16,4,38
2023-11-16,"Kolkata",37,36,9,18,1006,"Cloudy",2,12,6,70
2023-11-17,"Chennai",35,85,3,24,1027,"Rainy",2,17,9,53
2023-11-18,"Mumbai",33,78,10,9,1006,"Sunny",7,23,5,98
2023-11-19,"Mumbai",30,71,15,20,1003,"Rainy",1,5,3,93
2023-11-20,"Kolkata",33,71,10,14,995,"Sunny",2,15,6,75
2023-11-21,"Chennai",18,85,17,21,1024,"Cloudy",8,24,9,34
2023-11-22,"Chennai",32,65,18,18,1003,"Sunny",6,5,8,10
2023-11-23,"Bengaluru",16,49,17,15,997,"Rainy",2,12,9,60
2023-11-24,"Bengaluru",15,33,13,20,1004,"Cloudy",7,9,9,43
2023-11-25,"Bengaluru",29,83,4,23,1016,"Rainy",4,21,6,67
2023-11-26,"Bengaluru",19,36,12,21,1002,"Cloudy",2,12,4,24
2023-11-27,"Bengaluru",34,83,15,3,1020,"Cloudy",6,14,6,47
2023-11-28,"Bengaluru",25,30,19,1,1024,"Rainy",9,6,2,31
2023-11-29,"Hyderabad",24,73,6,24,995,"Rainy",9,13,1,83
2023-11-30,"Chennai",16,85,17,12,994,"Cloudy",8,7,10,94
2023-12-01,"Bengaluru",17,74,6,0,1011,"Cloudy",3,22,4,3
2023-12-02,"Chennai",37,71,4,16,1012,"Rainy",3,11,3,37
2023-12-03,"Chennai",37,76,13,12,1014,"Sunny",2,19,4,62
2023-12-04,"Delhi",26,88,2,3,1023,"Rainy",5,24,7,46
2023-12-05,"Hyderabad",34,42,10,6,1015,"Cloudy",4,22,3,0
2023-12-06,"Bengaluru",19,84,10,16,994,"Rainy",7,7,8,2
2023-12-07,"Mumbai",19,51,5,8,1015,"Sunny",4,18,6,85
2023-12-08,"Kolkata",20,83,4,3,1009,"Rainy",9,6,9,61
2023-12-09,"Mumbai",23,50,18,18,995,"Cloudy",2,18,6,63
2023-12-10,"Hyderabad",16,51,3,0,995,"Rainy",6,15,7,16
2023-12-11,"Kolkata",35,57,2,9,1007,"Cloudy",7,20,5,77
2023-12-12,"Hyderabad",26,38,9,3,993,"Cloudy",4,12,7,61
2023-12-13,"Chennai",17,55,14,8,1006,"Rainy",6,11,2,34
2023-12-14,"Kolkata",34,38,16,12,1003,"Cloudy",7,15,9,12
2023-12-15,"Chennai",36,44,9,13,1003,"Cloudy",4,7,9,34
2023-12-16,"Mumbai",26,39,13,9,1002,"Sunny",8,21,0,42
2023-12-17,"Mumbai",38,53,13,5,996,"Sunny",9,18,5,1
2023-12-18,"Kolkata",31,87,15,15,1004,"Sunny",1,10,0,55
2023-12-19,"Kolkata",24,86,16,5,1008,"Sunny",7,12,8,76
2023-12-20,"Bengaluru",38,71,16,16,1024,"Cloudy",9,9,1,50
2023-12-21,"Hyderabad",28,37,10,9,1006,"Rainy",5,12,10,53
2023-12-22,"Bengaluru",37,53,9,17,1024,"Cloudy",2,6,1,15
2023-12-23,"Hyderabad",31,45,7,21,1008,"Cloudy",6,19,6,17
2023-12-24,"Bengaluru",32,78,5,17,1009,"Cloudy",7,16,1,6
2023-12-25,"Chennai",33,55,8,2,1025,"Rainy",2,21,9,44
2023-12-26,"Kolkata",31,56,5,19,1024,"Sunny",2,5,7,35
2023-12-27,"Mumbai",28,66,13,20,1021,"Cloudy",1,19,5,40
2023-12-28,"Hyderabad",23,33,14,24,1029,"Cloudy",4,18,6,93
2023-12-29,"Hyderabad",22,79,4,14,1013,"Sunny",7,24,6,41
2023-12-30,"Mumbai",16,53,13,14,1006,"Cloudy",9,20,5,6
2023-12-31,"Bengaluru",27,48,3,3,996,"Rainy",3,13,9,14
2024-01-01,"Hyderabad",39,65,3,8,990,"Cloudy",7,5,10,59
2024-01-02,"Chennai",21,89,10,18,1024,"Cloudy",7,21,8,39
2024-01-03,"Kolkata",23,68,2,23,1021,"Sunny",7,17,8,82
2024-01-04,"Mumbai",36,39,9,16,1025,"Cloudy",2,9,6,36
2024-01-05,"Kolkata",36,54,7,10,1002,"Cloudy",6,14,8,65
2024-01-06,"Hyderabad",25,47,7,24,995,"Rainy",2,10,9,54
2024-01-07,"Hyderabad",28,48,19,8,1003,"Sunny",6,23,2,76
2024-01-08,"Mumbai",18,65,18,9,1026,"Sunny",3,17,2,94
2024-01-09,"Chennai",27,39,13,17,1004,"Rainy",2,5,0,79
2024-01-10,"Delhi",16,62,7,19,993,"Cloudy",6,24,4,55
2024-01-11,"Mumbai",37,84,9,12,1029,"Sunny",2,19,3,43
2024-01-12,"Delhi",19,79,11,7,1005,"Sunny",5,18,1,56
2024-01-13,"Bengaluru",25,34,2,6,1017,"Cloudy",2,12,8,5
2024-01-14,"Delhi",20,76,14,16,1005,"Cloudy",3,14,2,91
2024-01-15,"Chennai",32,78,18,20,993,"Sunny",3,13,7,31
2024-01-16,"Bengaluru",35,64,4,22,1015,"Cloudy",6,21,5,73
2024-01-17,"Delhi",24,73,9,14,1017,"Sunny",6,13,4,17
2024-01-18,"Bengaluru",18,63,15,19,1021,"Cloudy",3,7,0,67
2024-01-19,"Delhi",23,62,4,14,991,"Cloudy",3,15,3,72
2024-01-20,"Chennai",20,84,17,0,1020,"Rainy",1,16,2,6
2024-01-21,"Delhi",16,50,14,24,992,"Cloudy",7,14,0,7
2024-01-22,"Delhi",31,46,18,13,997,"Rainy",8,21,4,63
2024-01-23,"Delhi",19,51,14,4,1013,"Cloudy",2,21,5,6
2024-01-24,"Mumbai",39,77,7,10,1004,"Sunny",4,15,1,40
2024-01-25,"Mumbai",20,66,18,15,1020,"Sunny",7,8,2,39
2024-01-26,"Mumbai",26,44,15,1,998,"Cloudy",8,11,10,2
2024-01-27,"Chennai",37,64,18,7,1028,"Cloudy",1,18,5,16
2024-01-28,"Bengaluru",35,57,9,10,991,"Sunny",4,11,3,65
2024-01-29,"Hyderabad",24,36,12,17,997,"Cloudy",6,12,8,78
2024-01-30,"Delhi",36,61,2,2,996,"Rainy",3,5,4,92
2024-01-31,"Delhi",35,40,8,0,1028,"Rainy",5,8,3,51
2024-02-01,"Chennai",39,39,18,10,1005,"Rainy",9,16,1,21
2024-02-02,"Delhi",20,38,11,15,1024,"Rainy",3,7,5,3
2024-02-03,"Mumbai",22,43,12,17,1019,"Rainy",5,17,9,5
2024-02-04,"Hyderabad",16,42,10,15,999,"Cloudy",8,24,1,37
2024-02-05,"Kolkata",26,86,10,22,1027,"Cloudy",6,10,6,25
2024-02-06,"Delhi",27,54,6,9,1007,"Rainy",4,15,2,10
2024-02-07,"Mumbai",39,31,18,17,994,"Cloudy",8,8,8,89
2024-02-08,"Kolkata",35,64,10,5,1018,"Cloudy",3,24,10,16
2024-02-09,"Hyderabad",21,36,18,18,1028,"Rainy",3,20,4,87
2024-02-10,"Kolkata",24,50,8,3,1023,"Cloudy",4,11,7,91
2024-02-11,"Mumbai",27,47,10,12,1012,"Cloudy",9,15,10,98
2024-02-12,"Bengaluru",31,32,8,23,994,"Cloudy",5,5,5,30
2024-02-13,"Bengaluru",35,71,14,13,1019,"Rainy",8,11,9,76
2024-02-14,"Kolkata",28,83,12,2,995,"Cloudy",6,16,7,34
2024-02-15,"Chennai",16,68,15,9,993,"Sunny",3,11,10,15
2024-02-16,"Kolkata",36,70,12,5,1018,"Sunny",8,11,2,78
2024-02-17,"Delhi",25,78,14,0,1012,"Rainy",9,14,2,17
2024-02-18,"Delhi",15,40,15,22,995,"Sunny",8,20,4,61
2024-02-19,"Bengaluru",33,68,14,23,1021,"Rainy",4,12,10,26
2024-02-20,"Chennai",35,53,2,13,1007,"Sunny",6,13,9,34
2024-02-21,"Mumbai",18,89,9,7,1004,"Sunny",1,13,2,44
2024-02-22,"Delhi",33,75,13,18,1029,"Sunny",4,6,7,34
2024-02-23,"Bengaluru",35,48,13,13,1021,"Rainy",8,17,9,27
2024-02-24,"Hyderabad",25,33,9,9,998,"Rainy",1,17,7,8
2024-02-25,"Bengaluru",22,55,9,16,1026,"Cloudy",3,8,1,75
2024-02-26,"Delhi",25,67,14,8,999,"Rainy",1,16,3,14
2024-02-27,"Delhi",18,71,13,5,1009,"Sunny",9,21,9,20
2024-02-28,"Bengaluru",31,61,17,10,995,"Sunny",2,6,0,51
2024-02-29,"Mumbai",21,68,2,24,992,"Rainy",9,17,3,34
2024-03-01,"Kolkata",22,74,14,6,1000,"Rainy",4,22,10,96
2024-03-02,"Delhi",17,75,8,16,1006,"Rainy",2,19,3,50
2024-03-03,"Bengaluru",36,65,6,0,1021,"Cloudy",4,12,9,82
2024-03-04,"Bengaluru",16,69,9,21,993,"Sunny",6,19,8,54
2024-03-05,"Chennai",37,66,15,4,993,"Cloudy",7,5,2,86
2024-03-06,"Kolkata",29,62,14,8,1006,"Cloudy",3,24,1,76
2024-03-07,"Hyderabad",38,65,16,17,1008,"Sunny",3,14,8,43
2024-03-08,"Mumbai",36,32,18,23,994,"Sunny",8,16,8,64
2024-03-09,"Hyderabad",36,38,16,20,1021,"Rainy",5,9,0,92
2024-03-10,"Kolkata",19,37,19,1,1011,"Rainy",4,13,5,87
2024-03-11,"Kolkata",38,62,19,10,995,"Cloudy",7,12,9,79
2024-03-12,"Kolkata",15,88,3,5,1024,"Rainy",7,20,7,24
2024-03-13,"Hyderabad",18,35,5,7,1011,"Rainy",9,18,2,86
2024-03-14,"Kolkata",29,70,2,3,990,"Sunny",9,17,10,91
2024-03-15,"Bengaluru",34,68,5,17,1009,"Sunny",5,17,8,46
2024-03-16,"Hyderabad",33,33,19,10,1011,"Rainy",8,9,1,79
2024-03-17,"Kolkata",17,42,6,4,1000,"Sunny",1,20,5,55
2024-03-18,"Bengaluru",34,78,16,14,1002,"Rainy",9,15,0,37
2024-03-19,"Chennai",25,89,9,17,992,"Sunny",8,9,6,10
2024-03-20,"Kolkata",31,31,18,1,998,"Sunny",6,17,2,66
2024-03-21,"Hyderabad",27,89,2,21,1001,"Sunny",3,15,6,14
2024-03-22,"Delhi",25,34,13,10,1012,"Sunny",3,23,3,0
2024-03-23,"Kolkata",16,73,16,24,1003,"Rainy",8,7,8,6
2024-03-24,"Delhi",23,56,10,12,1022,"Cloudy",5,19,4,0
2024-03-25,"Bengaluru",16,61,8,3,1007,"Sunny",7,11,2,48
2024-03-26,"Chennai",35,50,3,21,998,"Rainy",5,11,7,95
2024-03-27,"Mumbai",23,37,10,6,1012,"Rainy",8,10,5,72
2024-03-28,"Chennai",23,67,11,10,999,"Sunny",4,7,1,28
2024-03-29,"Kolkata",22,37,3,21,1008,"Cloudy",2,17,2,25
2024-03-30,"Delhi",31,79,12,23,994,"Sunny",3,11,7,86
2024-03-31,"Delhi",15,32,14,3,1012,"Rainy",8,9,9,44
2024-04-01,"Hyderabad",39,83,11,14,1019,"Cloudy",7,22,6,92
2024-04-02,"Delhi",25,73,15,0,1014,"Rainy",2,12,9,96
2024-04-03,"Hyderabad",22,87,19,22,1017,"Sunny",6,21,5,70
2024-04-04,"Bengaluru",24,32,10,2,1023,"Cloudy",9,24,0,11
2024-04-05,"Mumbai",39,51,8,13,1014,"Rainy",4,5,8,94
2024-04-06,"Kolkata",21,35,4,5,999,"Rainy",9,18,2,31
2024-04-07,"Hyderabad",17,31,7,17,1003,"Rainy",2,21,4,19
2024-04-08,"Mumbai",17,52,3,24,1019,"Sunny",2,14,6,50
2024-04-09,"Delhi",32,73,7,0,1014,"Cloudy",9,16,6,80
2024-04-10,"Delhi",19,31,4,5,1003,"Sunny",7,20,2,35
2024-04-11,"Mumbai",26,67,17,5,1024,"Sunny",7,18,3,66
2024-04-12,"Delhi",26,46,9,20,1023,"Sunny",1,20,9,0
2024-04-13,"Bengaluru",33,64,3,15,999,"Cloudy",6,12,6,26
2024-04-14,"Bengaluru",20,63,18,4,1024,"Sunny",7,14,7,39
2024-04-15,"Mumbai",16,52,10,16,1000,"Sunny",6,21,1,96
2024-04-16,"Hyderabad",26,59,13,9,1000,"Sunny",6,22,8,83
2024-04-17,"Hyderabad",33,81,4,20,1010,"Sunny",2,24,6,13
2024-04-18,"Mumbai",19,37,12,17,1010,"Rainy",6,20,7,99
2024-04-19,"Hyderabad",26,51,2,6,1011,"Sunny",4,21,5,68
2024-04-20,"Hyderabad",31,73,14,2,996,"Rainy",9,20,5,86
2024-04-21,"Bengaluru",31,87,16,12,1006,"Sunny",1,23,8,78
2024-04-22,"Hyderabad",24,65,6,14,991,"Cloudy",8,12,3,5
2024-04-23,"Chennai",39,34,18,19,1001,"Rainy",5,10,10,32
2024-04-24,"Kolkata",37,42,7,18,1007,"Rainy",1,10,10,54
2024-04-25,"Delhi",31,58,12,2,1000,"Rainy",4,13,4,18
2024-04-26,"Chennai",29,60,19,3,1005,"Rainy",1,8,8,76
2024-04-27,"Hyderabad",26,76,5,4,1007,"Cloudy",6,16,0,28
2024-04-28,"Bengaluru",30,86,4,0,1024,"Sunny",2,16,3,60
2024-04-29,"Mumbai",38,84,14,3,1015,"Rainy",5,21,6,69
2024-04-30,"Hyderabad",33,45,10,11,1005,"Cloudy",7,19,10,78
2024-05-01,"Bengaluru",22,71,7,23,995,"Rainy",2,13,8,79
2024-05-02,"Kolkata",35,59,13,9,1001,"Sunny",6,11,10,23
2024-05-03,"Hyderabad",31,86,3,22,1002,"Rainy",6,14,9,22
2024-05-04,"Mumbai",37,84,4,24,993,"Cloudy",5,20,5,9
2024-05-05,"Bengaluru",19,45,4,20,1028,"Sunny",5,16,7,53
2024-05-06,"Bengaluru",36,41,13,19,991,"Cloudy",3,11,8,40
2024-05-07,"Bengaluru",30,46,16,23,1015,"Sunny",2,22,9,48
2024-05-08,"Kolkata",20,45,10,24,1016,"Sunny",7,19,3,16
2024-05-09,"Hyderabad",22,41,9,12,1016,"Sunny",1,10,0,55
2024-05-10,"Kolkata",39,37,12,22,1004,"Rainy",6,16,7,44
2024-05-11,"Delhi",32,49,17,13,997,"Cloudy",6,15,1,29
2024-05-12,"Delhi",39,32,5,22,996,"Cloudy",3,24,10,43
2024-05-13,"Hyderabad",26,45,2,4,1029,"Cloudy",2,7,0,73
2024-05-14,"Kolkata",29,59,8,3,1001,"Sunny",2,6,6,54
2024-05-15,"Mumbai",23,74,3,13,1002,"Rainy",9,10,9,18
2024-05-16,"Bengaluru",27,52,6,9,1006,"Sunny",5,9,8,28
2024-05-17,"Bengaluru",29,57,8,16,1006,"Cloudy",7,22,10,1
2024-05-18,"Hyderabad",24,80,5,9,1025,"Rainy",5,20,8,35
2024-05-19,"Delhi",30,69,6,6,1010,"Rainy",7,12,2,18
2024-05-20,"Delhi",21,83,2,15,997,"Rainy",4,24,5,6
2024-05-21,"Bengaluru",31,34,2,0,994,"Cloudy",8,15,6,25
2024-05-22,"Hyderabad",37,49,16,16,1015,"Rainy",7,14,9,78
2024-05-23,"Kolkata",35,69,11,20,1005,"Rainy",5,16,8,37
2024-05-24,"Delhi",36,85,19,8,1025,"Sunny",6,10,1,2
2024-05-25,"Kolkata",21,73,4,5,1017,"Sunny",5,24,7,79
2024-05-26,"Delhi",28,30,12,18,1018,"Rainy",7,9,6,65
2024-05-27,"Delhi",29,86,16,12,1001,"Rainy",2,13,3,94
2024-05-28,"Chennai",35,59,12,2,1026,"Sunny",5,20,1,91
2024-05-29,"Delhi",21,50,18,6,1019,"Sunny",3,18,7,70
2024-05-30,"Mumbai",23,49,18,21,1012,"Sunny",9,12,10,93
2024-05-31,"Hyderabad",33,35,7,8,1005,"Cloudy",6,24,4,42
2024-06-01,"Hyderabad",30,51,6,21,1003,"Cloudy",3,23,5,61
2024-06-02,"Kolkata",22,47,9,4,999,"Sunny",7,18,10,70
2024-06-03,"Delhi",32,37,3,9,996,"Rainy",4,11,6,99
2024-06-04,"Mumbai",37,68,17,22,1026,"Sunny",3,9,9,92
2024-06-05,"Kolkata",32,61,13,16,1018,"Cloudy",8,22,0,23
2024-06-06,"Chennai",34,62,7,11,992,"Rainy",4,6,7,38
2024-06-07,"Kolkata",21,82,2,22,1004,"Cloudy",1,15,3,67
2024-06-08,"Kolkata",17,45,5,15,1025,"Rainy",6,12,8,92
2024-06-09,"Delhi",32,41,18,2,1008,"Cloudy",1,5,0,43
2024-06-10,"Chennai",24,67,14,24,1002,"Rainy",5,16,10,4
2024-06-11,"Kolkata",21,81,19,21,1010,"Rainy",7,6,1,54
2024-06-12,"Mumbai",31,63,6,8,1026,"Rainy",6,22,5,92
2024-06-13,"Mumbai",28,43,4,14,1016,"Rainy",2,11,10,29
2024-06-14,"Hyderabad",38,65,12,4,1018,"Cloudy",4,21,9,28
2024-06-15,"Chennai",17,62,14,22,1009,"Cloudy",2,18,10,25
2024-06-16,"Chennai",26,52,5,12,1014,"Rainy",1,11,0,82
2024-06-17,"Hyderabad",27,79,15,13,995,"Rainy",3,7,3,25
2024-06-18,"Kolkata",16,74,12,19,1025,"Cloudy",3,10,7,36
2024-06-19,"Chennai",17,31,11,14,991,"Rainy",7,24,9,90
2024-06-20,"Mumbai",19,70,19,15,1011,"Rainy",1,6,4,93
2024-06-21,"Mumbai",25,50,7,22,1021,"Rainy",9,21,8,52
2024-06-22,"Delhi",22,31,16,12,1005,"Sunny",6,16,10,29
2024-06-23,"Chennai",37,56,11,16,1007,"Rainy",4,16,10,2
2024-06-24,"Kolkata",37,86,6,22,994,"Sunny",3,21,5,42
2024-06-25,"Hyderabad",26,38,6,7,1025,"Rainy",3,14,0,6
2024-06-26,"Hyderabad",21,30,11,20,1019,"Cloudy",2,7,5,48
2024-06-27,"Kolkata",29,40,6,1,1008,"Sunny",2,24,5,72
2024-06-28,"Bengaluru",38,32,4,4,1012,"Sunny",5,22,5,40
2024-06-29,"Delhi",31,81,7,5,1023,"Rainy",9,17,7,76
2024-06-30,"Hyderabad",18,52,5,11,1002,"Rainy",2,16,5,78
2024-07-01,"Chennai",36,55,19,17,1018,"Sunny",2,21,4,53
2024-07-02,"Delhi",39,33,10,21,1025,"Cloudy",6,8,10,68
2024-07-03,"Chennai",27,47,18,21,1011,"Cloudy",2,14,1,92
2024-07-04,"Mumbai",32,84,14,0,1025,"Rainy",4,15,3,98
2024-07-05,"Delhi",15,35,16,16,998,"Cloudy",6,10,9,90
2024-07-06,"Hyderabad",30,64,18,10,1028,"Cloudy",5,10,4,26
2024-07-07,"Delhi",27,51,14,9,1008,"Rainy",1,13,9,7
2024-07-08,"Delhi",24,72,17,18,1027,"Cloudy",6,19,3,31
2024-07-09,"Delhi",26,44,5,13,995,"Rainy",1,6,1,83
2024-07-10,"Bengaluru",16,51,6,9,1004,"Sunny",3,8,6,63
2024-07-11,"Delhi",37,89,6,14,1009,"Rainy",5,9,9,9
2024-07-12,"Chennai",17,66,10,18,998,"Sunny",5,21,9,12
2024-07-13,"Mumbai",24,81,18,3,1021,"Sunny",6,12,1,62
2024-07-14,"Kolkata",16,71,14,1,993,"Cloudy",8,12,0,92
2024-07-15,"Delhi",37,41,3,8,1007,"Cloudy",5,16,4,34
2024-07-16,"Hyderabad",27,76,14,9,994,"Cloudy",1,12,0,60
2024-07-17,"Delhi",27,78,4,10,1009,"Rainy",5,23,0,53
2024-07-18,"Hyderabad",32,71,11,13,1012,"Cloudy",3,7,0,7
2024-07-19,"Chennai",17,67,3,6,1000,"Sunny",4,22,5,28
2024-07-20,"Hyderabad",21,47,14,22,1026,"Cloudy",8,23,8,94
2024-07-21,"Kolkata",28,74,18,14,1011,"Cloudy",7,23,9,40
2024-07-22,"Mumbai",34,64,15,21,993,"Rainy",5,19,10,29
2024-07-23,"Hyderabad",31,59,13,18,1018,"Rainy",2,10,0,85
2024-07-24,"Hyderabad",35,53,13,21,1023,"Sunny",6,20,4,20
2024-07-25,"Mumbai",26,71,12,14,1002,"Rainy",6,12,8,75
2024-07-26,"Kolkata",39,59,8,23,998,"Cloudy",6,20,8,10
2024-07-27,"Delhi",30,43,5,7,1020,"Rainy",9,22,0,1
2024-07-28,"Hyderabad",38,35,2,10,996,"Sunny",8,24,7,49
2024-07-29,"Mumbai",26,32,4,8,993,"Cloudy",8,20,0,40
2024-07-30,"Chennai",29,45,14,14,1008,"Sunny",1,15,7,65
2024-07-31,"Mumbai",39,36,16,0,1019,"Rainy",5,11,0,97
2024-08-01,"Chennai",24,81,3,0,1020,"Rainy",7,21,4,2
2024-08-02,"Kolkata",39,43,12,18,1024,"Sunny",6,21,7,79
2024-08-03,"Delhi",21,38,5,2,1010,"Cloudy",5,16,5,50
2024-08-04,"Mumbai",34,44,18,9,1020,"Rainy",8,17,8,67
2024-08-05,"Bengaluru",19,50,4,7,1008,"Rainy",3,14,0,86
2024-08-06,"Hyderabad",15,64,19,14,1020,"Cloudy",6,11,8,83
2024-08-07,"Kolkata",31,31,9,9,1021,"Rainy",5,18,0,24
2024-08-08,"Mumbai",17,56,6,0,991,"Sunny",8,5,9,29
2024-08-09,"Hyderabad",27,31,8,17,999,"Rainy",4,21,9,81
2024-08-10,"Mumbai",28,64,9,1,991,"Rainy",8,8,2,10
2024-08-11,"Chennai",38,47,6,18,991,"Cloudy",2,9,0,92
2024-08-12,"Mumbai",32,43,18,12,1013,"Sunny",9,24,2,16
2024-08-13,"Bengaluru",18,49,6,21,1006,"Cloudy",9,11,10,25
2024-08-14,"Mumbai",32,47,5,0,1021,"Rainy",6,14,1,22
2024-08-15,"Mumbai",19,39,3,1,1005,"Rainy",4,21,1,55
2024-08-16,"Bengaluru",39,54,12,15,1005,"Cloudy",4,11,8,51
2024-08-17,"Kolkata",30,31,14,14,1028,"Cloudy",6,5,7,47
2024-08-18,"Mumbai",15,54,16,12,1020,"Cloudy",5,11,0,19
2024-08-19,"Bengaluru",35,83,13,15,1013,"Sunny",6,15,3,1
2024-08-20,"Hyderabad",28,62,12,16,990,"Rainy",7,13,0,87
2024-08-21,"Chennai",29,65,8,20,1000,"Cloudy",7,16,0,30
2024-08-22,"Chennai",23,60,6,6,1010,"Rainy",9,7,3,26
2024-08-23,"Mumbai",29,43,18,23,993,"Sunny",8,8,1,1
2024-08-24,"Kolkata",31,30,10,16,996,"Sunny",6,8,2,77
2024-08-25,"Kolkata",39,75,15,6,1015,"Sunny",6,17,10,3
2024-08-26,"Hyderabad",38,45,13,12,1001,"Sunny",5,23,8,12
2024-08-27,"Mumbai",18,83,7,4,1020,"Rainy",1,14,1,99
2024-08-28,"Chennai",26,75,18,16,1006,"Sunny",9,9,3,34
2024-08-29,"Kolkata",19,81,17,2,1022,"Sunny",9,11,0,71
2024-08-30,"Mumbai",19,32,13,6,1000,"Cloudy",9,20,1,65
2024-08-31,"Kolkata",25,64,13,16,1017,"Sunny",8,5,4,5
2024-09-01,"Bengaluru",20,70,7,6,1021,"Cloudy",3,16,9,30
2024-09-02,"Kolkata",21,35,5,20,990,"Sunny",1,6,0,9
2024-09-03,"Chennai",38,54,7,0,1017,"Sunny",8,11,10,20
2024-09-04,"Delhi",28,42,12,16,996,"Cloudy",7,15,6,73
2024-09-05,"Hyderabad",38,82,2,16,991,"Sunny",5,17,3,22
2024-09-06,"Hyderabad",25,63,16,10,1013,"Rainy",7,6,5,2
2024-09-07,"Chennai",27,37,12,24,993,"Rainy",4,11,7,31
2024-09-08,"Kolkata",16,50,19,2,1008,"Sunny",9,19,5,19
2024-09-09,"Mumbai",39,63,18,14,1015,"Rainy",2,15,1,73
2024-09-10,"Kolkata",21,33,15,20,1000,"Cloudy",9,6,0,28
2024-09-11,"Chennai",34,54,19,10,1029,"Sunny",9,11,7,51
2024-09-12,"Hyderabad",18,44,16,15,1000,"Sunny",5,8,7,45
2024-09-13,"Kolkata",22,33,16,24,992,"Cloudy",1,15,8,33
2024-09-14,"Hyderabad",34,74,5,21,1001,"Cloudy",7,6,5,83
2024-09-15,"Mumbai",36,89,8,8,992,"Cloudy",4,20,0,60
2024-09-16,"Hyderabad",35,41,14,23,1016,"Sunny",9,11,8,71
2024-09-17,"Hyderabad",33,61,4,23,991,"Cloudy",6,17,2,70
2024-09-18,"Delhi",27,61,17,0,1005,"Cloudy",3,9,10,69
2024-09-19,"Delhi",28,57,10,24,991,"Rainy",6,21,5,10
2024-09-20,"Bengaluru",24,42,9,21,1019,"Rainy",6,16,9,81
2024-09-21,"Delhi",25,60,14,15,1009,"Sunny",5,23,9,92
2024-09-22,"Hyderabad",16,43,18,8,1027,"Rainy",2,11,10,88
2024-09-23,"Chennai",39,49,18,18,1017,"Rainy",2,10,8,62
2024-09-24,"Hyderabad",23,47,18,11,1014,"Cloudy",7,12,10,20
2024-09-25,"Chennai",31,58,2,18,1021,"Cloudy",2,17,2,2
2024-09-26,"Chennai",17,89,9,21,999,"Rainy",6,9,4,81
2024-09-27,"Delhi",38,35,7,8,1029,"Rainy",5,6,4,87
2024-09-28,"Kolkata",20,61,4,6,1022,"Rainy",4,13,9,9
2024-09-29,"Mumbai",19,58,6,13,1002,"Sunny",7,15,6,26
2024-09-30,"Delhi",19,72,14,18,1026,"Sunny",8,10,3,11
2024-10-01,"Delhi",36,31,16,18,1005,"Sunny",4,11,10,6
2024-10-02,"Kolkata",29,89,15,1,1011,"Rainy",1,11,3,16
2024-10-03,"Mumbai",37,52,17,8,1009,"Rainy",1,23,6,64
2024-10-04,"Hyderabad",31,48,19,12,1016,"Sunny",1,10,8,63
2024-10-05,"Bengaluru",23,60,12,14,1005,"Sunny",1,15,10,25
2024-10-06,"Bengaluru",17,80,4,2,1023,"Rainy",5,15,3,14
2024-10-07,"Hyderabad",34,34,11,10,1021,"Cloudy",4,11,3,32
2024-10-08,"Delhi",31,48,11,20,1015,"Sunny",9,6,5,61
2024-10-09,"Mumbai",24,63,17,13,1014,"Rainy",3,23,5,46
2024-10-10,"Delhi",17,39,13,24,991,"Rainy",7,8,6,94
2024-10-11,"Chennai",32,54,3,7,1001,"Cloudy",8,10,0,34
2024-10-12,"Delhi",32,31,10,17,1029,"Rainy",6,21,10,64
2024-10-13,"Delhi",31,40,4,18,998,"Rainy",1,9,2,71
2024-10-14,"Hyderabad",38,79,16,15,1001,"Sunny",8,11,8,75
2024-10-15,"Hyderabad",17,60,4,1,1015,"Sunny",3,13,5,82
2024-10-16,"Hyderabad",17,85,19,7,998,"Cloudy",8,5,5,24
2024-10-17,"Bengaluru",20,44,9,21,999,"Cloudy",4,5,4,56
2024-10-18,"Chennai",27,38,18,5,1021,"Rainy",8,23,10,31
2024-10-19,"Hyderabad",38,52,9,11,1023,"Sunny",1,10,2,62
2024-10-20,"Mumbai",29,48,8,14,1009,"Cloudy",3,22,10,11
2024-10-21,"Bengaluru",39,38,8,24,1028,"Cloudy",6,14,4,62
2024-10-22,"Kolkata",23,64,4,7,991,"Cloudy",9,15,0,76
2024-10-23,"Mumbai",18,50,2,3,990,"Rainy",2,5,2,91
2024-10-24,"Mumbai",28,38,5,14,1025,"Sunny",1,5,3,0
2024-10-25,"Hyderabad",19,57,6,19,1013,"Cloudy",3,17,4,50
2024-10-26,"Kolkata",16,75,2,24,1016,"Sunny",4,9,9,69
2024-10-27,"Kolkata",25,80,16,16,991,"Cloudy",5,24,8,7
2024-10-28,"Bengaluru",23,36,6,12,1020,"Cloudy",3,5,3,67
2024-10-29,"Kolkata",38,45,14,17,1003,"Sunny",2,24,2,4
2024-10-30,"Chennai",17,45,9,1,991,"Sunny",2,7,9,88
2024-10-31,"Hyderabad",23,89,9,12,1018,"Sunny",7,22,0,85
2024-11-01,"Kolkata",17,62,6,12,1004,"Rainy",9,13,9,91
2024-11-02,"Bengaluru",39,33,10,21,1001,"Cloudy",2,18,5,38
2024-11-03,"Chennai",16,33,2,14,1026,"Rainy",7,21,6,22
2024-11-04,"Delhi",26,68,5,19,1017,"Sunny",7,18,9,67
2024-11-05,"Delhi",24,69,4,9,1009,"Cloudy",7,8,7,51
2024-11-06,"Chennai",23,46,3,2,1028,"Rainy",3,9,0,3
2024-11-07,"Bengaluru",29,66,9,18,1013,"Cloudy",7,21,3,46
2024-11-08,"Chennai",22,68,10,2,1010,"Rainy",1,6,10,20
2024-11-09,"Hyderabad",39,89,3,21,999,"Sunny",1,9,4,55
2024-11-10,"Hyderabad",19,81,15,13,1003,"Rainy",5,8,1,65
2024-11-11,"Delhi",25,58,15,7,1026,"Cloudy",2,8,0,58
2024-11-12,"Kolkata",16,81,5,22,1007,"Cloudy",9,10,7,6
2024-11-13,"Bengaluru",38,65,7,3,1013,"Cloudy",7,24,5,48
2024-11-14,"Delhi",29,89,12,19,1003,"Cloudy",4,17,4,15
2024-11-15,"Kolkata",20,67,4,10,1023,"Sunny",4,9,8,16
2024-11-16,"Kolkata",22,68,9,10,1001,"Rainy",2,11,10,83
2024-11-17,"Hyderabad",19,79,4,10,1011,"Sunny",5,24,10,86
2024-11-18,"Mumbai",30,66,15,1,995,"Sunny",4,5,1,97
2024-11-19,"Mumbai",32,81,14,16,1025,"Sunny",1,18,9,74
2024-11-20,"Chennai",20,64,14,8,1025,"Cloudy",8,8,7,33
2024-11-21,"Hyderabad",19,36,3,1,1011,"Cloudy",3,21,10,32
2024-11-22,"Kolkata",30,56,14,23,1003,"Cloudy",6,18,9,25
2024-11-23,"Bengaluru",27,57,7,14,1005,"Rainy",4,20,8,65
2024-11-24,"Mumbai",19,51,17,15,1025,"Cloudy",9,18,0,62
2024-11-25,"Kolkata",27,43,3,24,1014,"Rainy",7,20,6,86
2024-11-26,"Mumbai",31,36,9,3,1021,"Cloudy",9,24,7,40
2024-11-27,"Mumbai",32,66,18,7,1022,"Cloudy",3,12,2,85
2024-11-28,"Mumbai",22,51,3,8,1025,"Sunny",1,7,3,57
2024-11-29,"Bengaluru",27,34,11,4,1009,"Sunny",5,23,2,97
2024-11-30,"Hyderabad",33,84,17,15,1007,"Sunny",3,5,6,78
2024-12-01,"Bengaluru",17,31,7,12,1027,"Rainy",6,6,8,9
2024-12-02,"Delhi",38,56,3,6,992,"Rainy",8,19,2,14
2024-12-03,"Kolkata",22,50,3,19,1012,"Cloudy",4,14,5,41
2024-12-04,"Hyderabad",16,83,14,16,1021,"Rainy",5,22,7,92
2024-12-05,"Hyderabad",22,67,16,2,1005,"Cloudy",5,18,5,56
2024-12-06,"Hyderabad",27,44,3,4,994,"Rainy",4,21,1,86
2024-12-07,"Hyderabad",27,50,8,18,993,"Rainy",4,17,6,16
2024-12-08,"Bengaluru",15,39,4,11,1010,"Rainy",4,5,1,59
2024-12-09,"Hyderabad",20,52,9,6,1029,"Sunny",4,9,1,8
2024-12-10,"Chennai",38,87,15,8,1003,"Rainy",4,17,1,35
2024-12-11,"Kolkata",33,85,8,5,1028,"Sunny",5,18,10,72
2024-12-12,"Hyderabad",30,68,8,16,1020,"Sunny",2,7,0,79
2024-12-13,"Kolkata",22,34,2,15,1003,"Rainy",2,19,10,35
2024-12-14,"Chennai",15,30,18,22,995,"Cloudy",9,23,0,47
2024-12-15,"Chennai",30,42,10,2,1001,"Cloudy",2,21,6,50
2024-12-16,"Kolkata",23,50,14,20,1005,"Cloudy",6,7,4,96
2024-12-17,"Mumbai",27,55,18,3,1006,"Rainy",2,20,10,94
2024-12-18,"Delhi",25,79,11,9,1012,"Cloudy",5,18,2,69
2024-12-19,"Mumbai",27,74,11,4,1003,"Sunny",4,16,0,73
2024-12-20,"Mumbai",39,50,5,20,996,"Cloudy",7,16,10,79
2024-12-21,"Bengaluru",35,82,9,21,1021,"Rainy",7,15,9,67
2024-12-22,"Mumbai",24,47,19,9,1004,"Cloudy",6,21,5,21
2024-12-23,"Hyderabad",18,66,15,11,1006,"Sunny",5,12,10,76
2024-12-24,"Bengaluru",20,74,19,9,1023,"Rainy",1,21,0,79
2024-12-25,"Bengaluru",21,61,15,12,994,"Cloudy",3,24,8,92
2024-12-26,"Chennai",19,65,16,10,1016,"Rainy",9,15,1,5
2024-12-27,"Mumbai",25,46,5,21,1012,"Rainy",1,6,0,25
2024-12-28,"Chennai",27,64,14,15,1029,"Rainy",5,14,6,74
2024-12-29,"Kolkata",39,78,9,7,1003,"Cloudy",2,14,5,87
2024-12-30,"Delhi",33,89,19,7,1004,"Rainy",4,15,5,92
2024-12-31,"Bengaluru",37,40,13,24,1022,"Cloudy",1,10,4,2
2025-01-01,"Kolkata",24,50,15,7,1020,"Sunny",3,8,10,51
2025-01-02,"Kolkata",24,81,3,12,1024,"Cloudy",7,16,3,73
2025-01-03,"Hyderabad",25,84,19,1,1006,"Sunny",3,15,10,59
2025-01-04,"Delhi",35,82,3,11,1017,"Cloudy",4,17,3,62
2025-01-05,"Kolkata",21,55,12,9,1008,"Rainy",2,9,2,64
2025-01-06,"Kolkata",32,33,10,11,1012,"Cloudy",3,10,9,51
2025-01-07,"Delhi",18,63,13,10,1021,"Rainy",9,5,7,89
2025-01-08,"Delhi",16,81,18,14,1029,"Sunny",3,10,6,75
2025-01-09,"Kolkata",28,77,16,15,1002,"Cloudy",5,22,8,13
2025-01-10,"Delhi",27,89,18,16,1009,"Rainy",2,13,0,88
2025-01-11,"Kolkata",26,47,19,1,1024,"Sunny",4,19,6,71
2025-01-12,"Kolkata",21,69,7,17,994,"Sunny",7,12,9,67
2025-01-13,"Hyderabad",16,64,18,11,998,"Cloudy",7,23,3,27
2025-01-14,"Mumbai",27,70,19,18,1018,"Sunny",3,20,6,70
2025-01-15,"Kolkata",28,58,9,22,995,"Rainy",5,10,0,9
2025-01-16,"Chennai",31,81,10,17,1014,"Sunny",1,10,4,56
2025-01-17,"Bengaluru",23,58,7,16,1020,"Sunny",1,7,2,99
2025-01-18,"Mumbai",31,67,6,5,1011,"Rainy",5,14,4,65
2025-01-19,"Mumbai",22,71,13,24,991,"Sunny",9,5,3,89
2025-01-20,"Mumbai",16,50,12,14,994,"Sunny",1,18,1,49
2025-01-21,"Hyderabad",38,71,2,2,1016,"Sunny",1,8,10,13
2025-01-22,"Kolkata",27,42,12,5,1014,"Sunny",4,16,3,15
2025-01-23,"Hyderabad",17,78,10,2,997,"Rainy",4,10,2,53
2025-01-24,"Kolkata",30,70,3,0,990,"Sunny",2,15,0,42
2025-01-25,"Hyderabad",20,46,13,12,1009,"Rainy",9,16,9,41
2025-01-26,"Hyderabad",33,85,5,20,1012,"Sunny",9,14,7,80
2025-01-27,"Bengaluru",21,38,5,13,1021,"Sunny",2,22,4,21
2025-01-28,"Chennai",24,70,19,12,1000,"Sunny",9,11,3,67
2025-01-29,"Hyderabad",23,30,16,3,1028,"Sunny",6,11,9,18
2025-01-30,"Bengaluru",16,31,14,6,1013,"Rainy",8,15,4,65
2025-01-31,"Delhi",29,89,18,21,1000,"Rainy",4,8,3,38
2025-02-01,"Chennai",19,77,7,9,1018,"Rainy",2,24,2,72
2025-02-02,"Hyderabad",36,58,17,6,1015,"Cloudy",2,5,4,18
2025-02-03,"Mumbai",18,62,13,20,1005,"Sunny",9,17,3,15
2025-02-04,"Delhi",34,39,6,14,1024,"Sunny",1,22,0,53
2025-02-05,"Delhi",18,79,18,14,1009,"Rainy",7,13,2,24
2025-02-06,"Bengaluru",32,87,2,3,992,"Cloudy",3,13,9,17
2025-02-07,"Delhi",18,89,11,22,990,"Sunny",3,13,9,22
2025-02-08,"Chennai",31,69,16,22,990,"Rainy",2,14,7,84
2025-02-09,"Hyderabad",26,50,12,5,1006,"Sunny",6,6,6,10
2025-02-10,"Hyderabad",36,57,14,23,991,"Sunny",2,10,1,38
2025-02-11,"Mumbai",31,40,6,19,1018,"Rainy",4,19,0,67
2025-02-12,"Bengaluru",24,84,2,4,1009,"Rainy",9,7,2,24
2025-02-13,"Mumbai",36,63,13,19,995,"Sunny",9,15,4,62
2025-02-14,"Delhi",15,37,12,11,997,"Sunny",6,10,9,95
2025-02-15,"Mumbai",36,88,18,0,1018,"Rainy",4,7,10,29
2025-02-16,"Chennai",38,51,5,7,1022,"Sunny",7,15,0,44
2025-02-17,"Hyderabad",32,37,16,0,992,"Sunny",1,19,2,89
2025-02-18,"Delhi",32,78,10,4,1024,"Rainy",4,17,2,60
2025-02-19,"Mumbai",28,44,13,21,994,"Sunny",5,24,4,99
2025-02-20,"Bengaluru",29,46,6,5,1016,"Sunny",8,14,2,50
2025-02-21,"Chennai",26,89,11,20,1001,"Cloudy",2,10,8,97
2025-02-22,"Chennai",18,52,18,2,1009,"Rainy",5,19,0,8
2025-02-23,"Mumbai",17,53,6,14,1009,"Cloudy",6,22,3,75
2025-02-24,"Hyderabad",34,74,17,4,998,"Cloudy",5,22,9,1
2025-02-25,"Mumbai",26,48,8,23,1028,"Cloudy",9,11,9,4
2025-02-26,"Delhi",21,34,10,13,993,"Sunny",1,19,3,61
2025-02-27,"Mumbai",25,61,4,17,1008,"Sunny",3,22,0,68
2025-02-28,"Chennai",15,73,16,15,1027,"Cloudy",2,22,1,51
2025-03-01,"Mumbai",20,30,17,5,1016,"Cloudy",3,24,10,85
2025-03-02,"Hyderabad",29,52,19,24,1002,"Cloudy",9,13,0,4
2025-03-03,"Bengaluru",29,66,15,23,1002,"Sunny",9,6,5,58
2025-03-04,"Kolkata",33,37,4,13,1011,"Cloudy",2,12,2,67
2025-03-05,"Mumbai",25,42,13,23,1017,"Cloudy",3,24,6,8
2025-03-06,"Hyderabad",37,37,10,7,1011,"Rainy",4,6,4,92
2025-03-07,"Hyderabad",16,86,8,6,1008,"Rainy",9,15,8,21
2025-03-08,"Bengaluru",28,52,10,7,997,"Sunny",3,11,6,26
2025-03-09,"Chennai",16,72,14,12,997,"Rainy",7,10,3,9
2025-03-10,"Hyderabad",18,30,19,5,1015,"Rainy",3,14,4,79
2025-03-11,"Hyderabad",31,74,6,17,1015,"Rainy",7,9,4,60
2025-03-12,"Hyderabad",17,80,14,1,1012,"Sunny",7,15,10,50
2025-03-13,"Hyderabad",27,53,5,7,1002,"Rainy",9,5,4,9
2025-03-14,"Delhi",23,64,3,10,1017,"Sunny",2,6,9,5
2025-03-15,"Delhi",21,53,17,0,998,"Cloudy",6,5,8,61
2025-03-16,"Chennai",29,46,10,21,1009,"Rainy",9,23,9,4
2025-03-17,"Mumbai",37,34,10,5,1008,"Sunny",2,6,2,69
2025-03-18,"Hyderabad",25,49,7,15,1028,"Rainy",2,24,5,62
2025-03-19,"Bengaluru",34,50,12,19,1001,"Cloudy",5,8,7,55
2025-03-20,"Mumbai",16,69,2,11,1004,"Sunny",8,16,10,58
2025-03-21,"Bengaluru",29,87,5,10,1020,"Sunny",9,24,8,62
2025-03-22,"Mumbai",28,60,14,9,1003,"Sunny",2,22,6,88
2025-03-23,"Chennai",34,75,14,2,1000,"Cloudy",5,5,2,58
2025-03-24,"Hyderabad",36,65,14,12,1015,"Cloudy",7,5,0,50
2025-03-25,"Hyderabad",25,40,3,2,1016,"Cloudy",6,18,3,49
2025-03-26,"Kolkata",17,81,10,14,1000,"Sunny",6,8,5,3
2025-03-27,"Bengaluru",31,44,9,15,1027,"Cloudy",7,9,2,47
2025-03-28,"Mumbai",26,48,8,12,1023,"Rainy",3,15,0,31
2025-03-29,"Mumbai",38,36,5,16,1008,"Cloudy",3,17,5,50
2025-03-30,"Delhi",35,80,19,2,995,"Sunny",9,20,0,51
2025-03-31,"Kolkata",29,57,4,19,1027,"Rainy",8,17,8,98
2025-04-01,"Delhi",30,80,7,10,1017,"Cloudy",5,6,10,73
2025-04-02,"Delhi",19,72,13,20,990,"Rainy",6,20,0,33
2025-04-03,"Delhi",34,87,13,18,1024,"Rainy",1,10,5,35
2025-04-04,"Bengaluru",20,34,9,21,1029,"Sunny",1,18,0,69
2025-04-05,"Bengaluru",33,34,2,10,997,"Rainy",4,5,6,42
2025-04-06,"Chennai",39,59,5,15,996,"Rainy",2,21,2,15
2025-04-07,"Chennai",19,83,12,20,1000,"Sunny",7,15,5,58
2025-04-08,"Delhi",17,61,4,2,1028,"Sunny",2,23,6,52
2025-04-09,"Kolkata",15,37,14,21,993,"Sunny",2,7,0,18
2025-04-10,"Mumbai",20,39,18,5,1014,"Rainy",5,15,0,97
2025-04-11,"Bengaluru",29,67,11,13,1001,"Rainy",4,9,4,88
2025-04-12,"Kolkata",16,76,13,23,1015,"Rainy",8,21,5,94
2025-04-13,"Hyderabad",17,61,16,17,1027,"Sunny",4,11,8,40
2025-04-14,"Bengaluru",31,77,11,16,1001,"Cloudy",6,14,0,80
2025-04-15,"Bengaluru",39,57,15,3,1026,"Rainy",5,15,3,46
2025-04-16,"Chennai",38,46,14,22,1013,"Cloudy",2,7,9,93
2025-04-17,"Mumbai",26,60,6,14,1005,"Sunny",8,24,7,53
2025-04-18,"Mumbai",32,37,7,10,1002,"Rainy",2,14,9,54
2025-04-19,"Hyderabad",29,69,3,2,1014,"Cloudy",9,14,8,94
2025-04-20,"Hyderabad",26,54,18,2,993,"Rainy",9,18,2,18
2025-04-21,"Bengaluru",30,38,5,15,1000,"Rainy",3,16,10,61
2025-04-22,"Delhi",22,31,15,4,1021,"Rainy",4,19,1,98
2025-04-23,"Chennai",28,44,11,20,996,"Cloudy",8,14,3,92
2025-04-24,"Chennai",39,79,4,9,1000,"Sunny",9,14,1,58
2025-04-25,"Bengaluru",31,32,4,18,1017,"Rainy",3,23,0,64
2025-04-26,"Kolkata",35,78,16,24,1012,"Sunny",5,5,2,67
2025-04-27,"Delhi",22,65,7,3,1012,"Sunny",8,14,6,27
2025-04-28,"Bengaluru",29,33,18,18,1017,"Cloudy",3,6,0,17
2025-04-29,"Delhi",28,43,13,10,1015,"Cloudy",7,21,1,25
2025-04-30,"Delhi",32,70,12,1,1014,"Sunny",8,11,0,18
2025-05-01,"Delhi",34,70,5,9,1018,"Rainy",3,11,7,54
2025-05-02,"Bengaluru",21,54,7,10,1008,"Cloudy",2,24,4,56
2025-05-03,"Chennai",17,87,2,24,1022,"Rainy",7,13,7,5
2025-05-04,"Chennai",26,84,17,19,1025,"Rainy",9,6,2,0
2025-05-05,"Delhi",35,79,16,15,1003,"Rainy",1,18,6,7
2025-05-06,"Kolkata",38,39,18,18,1003,"Sunny",3,21,7,96
2025-05-07,"Mumbai",17,50,9,22,1024,"Rainy",5,5,5,50
2025-05-08,"Bengaluru",34,65,13,23,1019,"Sunny",3,13,6,84
2025-05-09,"Mumbai",28,41,11,10,1017,"Sunny",1,24,1,87
2025-05-10,"Kolkata",29,56,16,13,1006,"Rainy",7,23,7,24
2025-05-11,"Bengaluru",39,69,10,1,992,"Rainy",7,8,4,46
2025-05-12,"Delhi",28,31,3,22,1005,"Rainy",8,12,6,54
2025-05-13,"Chennai",21,83,6,4,1019,"Rainy",5,17,0,63
2025-05-14,"Mumbai",31,42,7,4,1018,"Sunny",5,8,4,82
2025-05-15,"Hyderabad",26,82,8,18,1004,"Rainy",5,13,0,92
2025-05-16,"Hyderabad",34,61,2,20,1014,"Rainy",1,13,7,9
2025-05-17,"Kolkata",18,60,8,11,1027,"Sunny",5,22,3,55
2025-05-18,"Delhi",23,45,13,17,1027,"Cloudy",6,16,3,11
2025-05-19,"Mumbai",20,61,17,3,1012,"Cloudy",1,14,1,32
2025-05-20,"Delhi",30,61,17,21,1014,"Sunny",7,15,4,70
2025-05-21,"Mumbai",39,89,12,16,996,"Cloudy",1,11,0,16
2025-05-22,"Kolkata",36,63,5,9,1011,"Sunny",2,13,8,60
2025-05-23,"Kolkata",36,40,14,19,1006,"Rainy",2,10,4,9
2025-05-24,"Hyderabad",35,39,8,5,1007,"Rainy",5,23,5,30
2025-05-25,"Delhi",35,44,5,24,999,"Cloudy",7,20,1,59
2025-05-26,"Bengaluru",16,46,16,13,999,"Rainy",1,19,9,69
2025-05-27,"Hyderabad",38,69,10,10,996,"Cloudy",1,11,9,16
2025-05-28,"Delhi",22,47,12,10,1027,"Cloudy",1,20,0,49
2025-05-29,"Hyderabad",25,84,9,17,1016,"Rainy",6,9,3,36
2025-05-30,"Bengaluru",27,38,2,22,1022,"Rainy",2,20,6,81
2025-05-31,"Chennai",31,54,9,21,990,"Cloudy",1,5,5,61
2025-06-01,"Chennai",22,69,14,17,1023,"Rainy",6,23,9,89
2025-06-02,"Chennai",35,88,5,23,993,"Sunny",2,9,0,79
2025-06-03,"Chennai",32,43,9,22,1006,"Rainy",6,11,0,71
2025-06-04,"Mumbai",32,89,4,10,993,"Rainy",8,23,7,87
2025-06-05,"Chennai",28,87,10,20,1015,"Sunny",2,9,3,76
2025-06-06,"Bengaluru",29,54,3,11,993,"Rainy",9,21,4,28
2025-06-07,"Kolkata",20,79,3,4,990,"Rainy",8,12,6,31
2025-06-08,"Kolkata",25,51,14,22,996,"Cloudy",1,5,7,87
2025-06-09,"Mumbai",27,81,16,8,1019,"Rainy",7,6,9,79
2025-06-10,"Chennai",39,59,13,24,998,"Rainy",6,19,6,10
2025-06-11,"Chennai",15,49,5,8,1024,"Sunny",6,24,1,95
2025-06-12,"Chennai",20,50,9,21,997,"Cloudy",6,22,3,5
2025-06-13,"Hyderabad",23,73,10,9,1013,"Cloudy",6,15,9,34
2025-06-14,"Delhi",22,61,6,21,1008,"Cloudy",7,14,0,32
2025-06-15,"Hyderabad",25,80,19,18,1025,"Rainy",3,8,9,17
2025-06-16,"Delhi",36,75,12,0,1016,"Cloudy",6,9,8,36
2025-06-17,"Chennai",33,78,16,6,1021,"Sunny",3,8,2,12
2025-06-18,"Chennai",38,85,10,3,1003,"Cloudy",7,17,2,73
2025-06-19,"Hyderabad",23,50,18,0,1007,"Sunny",7,17,9,89
2025-06-20,"Hyderabad",31,64,13,14,1017,"Cloudy",8,22,8,80
2025-06-21,"Delhi",26,87,8,7,1018,"Cloudy",2,6,9,63
2025-06-22,"Kolkata",39,61,11,11,1005,"Sunny",9,20,2,0
2025-06-23,"Delhi",28,59,11,21,1024,"Cloudy",5,5,7,62
2025-06-24,"Hyderabad",29,84,14,21,1020,"Cloudy",9,23,1,88
2025-06-25,"Bengaluru",30,68,12,17,993,"Cloudy",5,13,2,33
2025-06-26,"Hyderabad",36,78,14,14,1026,"Rainy",7,7,1,9
2025-06-27,"Bengaluru",36,41,9,16,1006,"Sunny",9,11,0,83
2025-06-28,"Mumbai",34,70,9,13,1028,"Cloudy",4,14,1,6
2025-06-29,"Hyderabad",15,76,5,13,1015,"Sunny",2,5,7,55
2025-06-30,"Mumbai",24,47,16,17,1028,"Sunny",9,14,8,79
2025-07-01,"Kolkata",22,50,12,19,993,"Sunny",2,13,1,36
2025-07-02,"Delhi",32,42,12,17,1019,"Cloudy",3,19,6,28
2025-07-03,"Bengaluru",15,50,2,15,1019,"Cloudy",2,19,4,11
2025-07-04,"Delhi",16,37,18,0,1011,"Sunny",3,7,2,16
2025-07-05,"Mumbai",15,75,16,22,1000,"Rainy",6,9,8,47
2025-07-06,"Bengaluru",15,69,7,10,991,"Sunny",3,13,5,83
2025-07-07,"Delhi",23,75,16,14,1001,"Rainy",8,13,10,25
2025-07-08,"Hyderabad",27,36,10,11,1019,"Sunny",6,11,0,82
2025-07-09,"Chennai",15,52,15,7,1025,"Sunny",7,16,4,11
2025-07-10,"Mumbai",27,73,19,21,1007,"Sunny",1,13,6,20
2025-07-11,"Delhi",34,61,18,19,1015,"Cloudy",3,10,3,41
2025-07-12,"Mumbai",36,40,19,5,996,"Rainy",3,6,7,60
2025-07-13,"Mumbai",21,51,6,2,990,"Rainy",2,13,9,57
2025-07-14,"Bengaluru",16,51,10,23,1015,"Sunny",7,21,4,53
2025-07-15,"Bengaluru",20,72,12,12,1012,"Cloudy",9,5,8,33
2025-07-16,"Chennai",21,54,2,12,1015,"Cloudy",4,23,8,6
2025-07-17,"Hyderabad",28,51,19,1,995,"Rainy",5,10,8,34
2025-07-18,"Mumbai",32,57,7,4,995,"Cloudy",3,9,0,14
2025-07-19,"Delhi",29,58,3,16,997,"Rainy",9,6,1,64
2025-07-20,"Kolkata",16,42,16,5,1013,"Rainy",4,13,2,89
2025-07-21,"Mumbai",24,47,15,1,1011,"Rainy",5,18,3,98
2025-07-22,"Mumbai",37,31,6,3,1008,"Cloudy",1,8,9,24
2025-07-23,"Chennai",26,58,7,21,1026,"Rainy",2,8,8,58
2025-07-24,"Hyderabad",31,50,7,10,1007,"Rainy",9,19,9,78
2025-07-25,"Kolkata",22,44,19,7,1020,"Sunny",2,12,5,85
2025-07-26,"Bengaluru",25,81,15,11,1026,"Rainy",5,8,0,5
2025-07-27,"Bengaluru",17,56,11,7,1019,"Rainy",8,20,8,51
2025-07-28,"Delhi",20,79,15,10,1022,"Sunny",3,8,5,78
2025-07-29,"Kolkata",23,60,14,21,999,"Sunny",6,20,3,87
2025-07-30,"Bengaluru",20,44,4,19,1026,"Cloudy",4,16,3,20
2025-07-31,"Delhi",23,80,7,7,1001,"Rainy",7,20,2,70
2025-08-01,"Hyderabad",21,52,9,7,1019,"Cloudy",3,23,6,92
2025-08-02,"Delhi",23,53,13,16,1016,"Cloudy",6,12,2,95
2025-08-03,"Bengaluru",32,73,14,19,1028,"Sunny",9,10,1,31
2025-08-04,"Chennai",26,42,12,19,998,"Cloudy",1,14,9,52
2025-08-05,"Chennai",22,51,13,22,1010,"Rainy",3,9,7,58
2025-08-06,"Chennai",22,72,2,15,1001,"Sunny",2,22,3,68
2025-08-07,"Bengaluru",32,66,18,13,1018,"Rainy",8,14,7,61
2025-08-08,"Chennai",34,62,17,10,1022,"Rainy",7,14,0,3
2025-08-09,"Kolkata",29,85,12,6,1004,"Sunny",2,11,4,85
2025-08-10,"Hyderabad",21,32,14,15,991,"Rainy",6,22,8,17
2025-08-11,"Delhi",25,83,19,12,1028,"Sunny",3,5,0,98
2025-08-12,"Delhi",34,48,12,14,1007,"Rainy",8,11,10,80
2025-08-13,"Bengaluru",30,52,13,23,992,"Sunny",3,5,3,55
2025-08-14,"Chennai",18,58,7,15,996,"Cloudy",9,19,5,23
2025-08-15,"Chennai",20,59,10,20,1007,"Rainy",1,8,9,65
2025-08-16,"Mumbai",36,68,17,22,1027,"Sunny",5,24,7,12
2025-08-17,"Hyderabad",17,73,5,23,1026,"Rainy",3,14,2,61
2025-08-18,"Kolkata",23,76,4,8,1022,"Rainy",6,13,4,53
2025-08-19,"Delhi",24,54,17,2,1020,"Rainy",2,6,6,14
2025-08-20,"Mumbai",28,66,13,18,1000,"Sunny",9,18,0,68
2025-08-21,"Mumbai",25,76,12,19,993,"Cloudy",6,20,6,2
2025-08-22,"Bengaluru",32,37,6,4,1007,"Cloudy",7,5,10,36
2025-08-23,"Delhi",36,71,19,9,993,"Cloudy",5,6,7,36
2025-08-24,"Bengaluru",26,87,7,16,1023,"Sunny",9,11,7,2
2025-08-25,"Kolkata",37,45,19,14,1018,"Cloudy",1,14,8,62
2025-08-26,"Mumbai",26,37,7,22,1013,"Sunny",5,24,5,34
2025-08-27,"Mumbai",27,30,5,24,1011,"Rainy",6,5,5,51
2025-08-28,"Hyderabad",39,73,13,7,991,"Rainy",7,17,1,86
2025-08-29,"Kolkata",27,34,3,14,995,"Cloudy",4,5,2,27
2025-08-30,"Mumbai",33,32,18,20,1014,"Sunny",1,9,3,93
2025-08-31,"Kolkata",33,30,12,13,1010,"Rainy",8,20,3,17
2025-09-01,"Delhi",37,33,12,19,1005,"Sunny",4,19,7,35
2025-09-02,"Chennai",28,69,17,6,1020,"Sunny",3,21,0,32
2025-09-03,"Mumbai",18,64,3,20,1003,"Rainy",7,20,9,63
2025-09-04,"Hyderabad",27,61,3,22,1028,"Sunny",2,17,3,25
2025-09-05,"Delhi",22,71,9,11,1017,"Rainy",8,15,10,47
2025-09-06,"Kolkata",37,63,14,16,1021,"Rainy",6,21,10,39
2025-09-07,"Bengaluru",35,72,11,16,1017,"Rainy",7,21,10,16
2025-09-08,"Delhi",37,54,9,9,998,"Sunny",5,6,3,39
2025-09-09,"Mumbai",33,39,5,18,1011,"Rainy",9,17,0,6
2025-09-10,"Kolkata",26,50,16,13,1021,"Sunny",5,18,2,56
2025-09-11,"Chennai",32,75,2,10,994,"Rainy",5,15,4,7
2025-09-12,"Delhi",20,68,12,1,1012,"Rainy",3,14,5,55
2025-09-13,"Mumbai",32,56,8,17,994,"Cloudy",1,7,8,30
2025-09-14,"Hyderabad",33,56,18,6,1021,"Cloudy",2,21,8,58
2025-09-15,"Bengaluru",36,31,19,11,999,"Cloudy",8,19,8,57
2025-09-16,"Kolkata",19,70,13,1,1028,"Sunny",1,13,10,11
2025-09-17,"Delhi",38,77,10,19,1004,"Sunny",7,14,0,47
2025-09-18,"Delhi",23,42,6,17,996,"Rainy",5,12,8,30
2025-09-19,"Chennai",17,38,11,5,1018,"Rainy",3,17,7,82
2025-09-20,"Chennai",24,81,5,23,992,"Rainy",7,22,1,62
2025-09-21,"Hyderabad",33,65,6,9,1008,"Rainy",9,9,10,73
2025-09-22,"Bengaluru",17,51,11,19,999,"Sunny",2,10,0,38
2025-09-23,"Hyderabad",36,71,12,14,1017,"Rainy",8,21,0,75
2025-09-24,"Mumbai",29,55,11,4,1018,"Rainy",9,15,5,19
2025-09-25,"Mumbai",15,87,9,19,1004,"Cloudy",3,24,8,47
2025-09-26,"Hyderabad",21,83,3,2,1024,"Rainy",2,20,6,70
2025-09-27,"Bengaluru",26,41,9,4,995,"Rainy",7,13,4,53
2025-09-28,"Hyderabad",31,46,17,24,1001,"Rainy",5,6,10,77
2025-09-29,"Bengaluru",35,43,6,7,1027,"Sunny",5,9,1,74
2025-09-30,"Bengaluru",38,43,4,7,1002,"Cloudy",5,5,0,70
2025-10-01,"Kolkata",34,86,13,7,1018,"Rainy",4,8,1,28
2025-10-02,"Bengaluru",19,63,14,11,1008,"Rainy",5,8,0,73
2025-10-03,"Chennai",18,82,14,23,992,"Cloudy",4,7,2,92
2025-10-04,"Bengaluru",26,86,11,22,997,"Rainy",6,13,5,72
2025-10-05,"Bengaluru",34,49,5,7,997,"Sunny",4,16,7,99
2025-10-06,"Bengaluru",38,40,10,10,1009,"Rainy",2,14,2,47
2025-10-07,"Mumbai",32,45,3,13,993,"Sunny",9,6,9,73
2025-10-08,"Chennai",31,80,2,7,1010,"Sunny",2,15,8,82
2025-10-09,"Chennai",33,60,8,23,992,"Rainy",9,14,9,55
2025-10-10,"Hyderabad",23,84,18,9,997,"Cloudy",6,10,4,94
2025-10-11,"Kolkata",18,35,4,6,1012,"Sunny",9,22,6,16
2025-10-12,"Bengaluru",35,85,4,16,1005,"Cloudy",9,6,7,8
2025-10-13,"Delhi",16,48,4,3,1002,"Rainy",3,6,2,96
2025-10-14,"Kolkata",18,66,18,12,992,"Sunny",1,14,1,33
2025-10-15,"Kolkata",16,87,8,3,998,"Rainy",1,20,1,44
2025-10-16,"Chennai",29,33,15,4,1003,"Cloudy",3,16,4,87
2025-10-17,"Kolkata",16,76,18,21,1002,"Rainy",5,5,0,8
2025-10-18,"Bengaluru",18,33,19,3,996,"Rainy",3,12,1,6
2025-10-19,"Bengaluru",20,49,14,17,1004,"Sunny",9,20,8,15
2025-10-20,"Mumbai",21,39,19,5,996,"Rainy",9,22,6,18
2025-10-21,"Bengaluru",24,53,5,23,1027,"Rainy",3,17,5,5
2025-10-22,"Bengaluru",33,83,2,23,1023,"Rainy",3,19,8,10
2025-10-23,"Chennai",33,64,19,22,1011,"Sunny",5,16,6,75
2025-10-24,"Bengaluru",36,55,2,21,1013,"Cloudy",2,12,10,60
2025-10-25,"Mumbai",26,66,14,1,1026,"Cloudy",6,14,4,41
2025-10-26,"Delhi",17,67,11,22,990,"Rainy",7,18,8,12
2025-10-27,"Chennai",27,50,12,10,999,"Sunny",9,9,5,11
2025-10-28,"Delhi",32,83,10,13,1005,"Rainy",6,22,5,84
2025-10-29,"Chennai",22,69,10,4,997,"Cloudy",3,23,10,73
2025-10-30,"Hyderabad",35,68,6,5,1014,"Sunny",5,19,3,19
2025-10-31,"Kolkata",29,50,2,9,1001,"Cloudy",4,10,0,49
2025-11-01,"Hyderabad",15,39,18,7,1014,"Cloudy",5,15,4,35
2025-11-02,"Bengaluru",17,67,3,13,1006,"Sunny",8,15,10,91
2025-11-03,"Delhi",22,75,14,23,1015,"Sunny",8,24,8,87
2025-11-04,"Bengaluru",18,33,10,2,1003,"Rainy",6,24,7,68
2025-11-05,"Kolkata",30,89,5,11,1025,"Rainy",1,22,7,36
2025-11-06,"Chennai",37,86,6,15,1012,"Cloudy",8,22,4,11
2025-11-07,"Kolkata",24,74,12,22,995,"Sunny",8,14,8,98
2025-11-08,"Mumbai",26,49,4,16,994,"Sunny",2,6,2,39
2025-11-09,"Kolkata",28,46,13,0,1014,"Rainy",4,13,2,53
2025-11-10,"Mumbai",28,84,14,22,1007,"Cloudy",2,18,0,1
2025-11-11,"Kolkata",16,36,8,9,1002,"Cloudy",4,23,8,49
2025-11-12,"Mumbai",37,33,16,24,1003,"Rainy",7,14,5,40
2025-11-13,"Delhi",19,58,8,22,1017,"Sunny",9,8,1,44
2025-11-14,"Bengaluru",19,43,9,9,1007,"Rainy",8,10,7,8
2025-11-15,"Bengaluru",20,32,6,20,1017,"Rainy",9,18,8,61
